{"cameraMode":{"drawMode":0,"name":"Shaded","section":"Shading Mode"},"sceneLighting":false,"audioPlay":false,"sceneViewState":{"showFog":true,"showMaterialUpdate":false,"showSkybox":false,"showFlares":true,"showImageEffects":true,"showParticleSystems":true},"in2DMode":false,"pivot":{"x":-3.9938344955444338,"y":-3.028909683227539,"z":22.712305068969728},"rotation":{"x":0.00032954520429484546,"y":0.993740439414978,"z":-0.11167173832654953,"w":0.0030467764008790256},"size":32.0844841003418,"orthographic":false}