{"cameraMode":{"drawMode":0,"name":"Shaded","section":"Shading Mode"},"sceneLighting":false,"audioPlay":false,"sceneViewState":{"showFog":true,"showMaterialUpdate":false,"showSkybox":false,"showFlares":true,"showImageEffects":true,"showParticleSystems":true},"in2DMode":false,"pivot":{"x":-1.0856776237487794,"y":1.1236262321472169,"z":46.76191711425781},"rotation":{"x":0.05285630375146866,"y":0.9370232820510864,"z":-0.16269557178020478,"w":0.30450594425201418},"size":19.83770179748535,"orthographic":false}